policy_name,category,description,implementing_body,target_sector,funding_amount,evidence_spans,chunk_id,error,raw_output
,International Competition and Cooperation,"Proactive technology development policies including increasing R&D investments, support for domestic semiconductor manufacturing, and enhancement of R&D capabilities in frontier technological fields such as AI and quantum computing; examples include US Acts pledging hundreds of billions of US dollars and the European Chips Act with more than 43 billion euros investment.","['United States government', 'European Commission']","['semiconductor manufacturing', 'artificial intelligence', 'quantum computing', 'technology industries']","['hundreds of billions in US dollars', 'more than 43 billion euros', '11 billion euros']","['various Acts have been passed in the United States in 2022, pledging support to government R&D institutions and private enterprises amounting to hundreds of billions in US dollars', 'the European Commission promulgated the European Chips Act in February 2022, through which an expected investment of more than 43 billion euros will be made to support chip production and relevant pilot projects and start-ups', 'A total of 11 billion euros will also be provided to strengthen existing semiconductor technologies, R&D and innovation to support its industry development in Europe']",0,,
,,,,,,,1,"list indices must be integers or slices, not str",
,National Strategic Scientific Capabilities,strengthening self-reliant innovation capabilities; increasing total R&D spending from RMB 1.03 trillion in 2012 to RMB 2.79 trillion in 2021; raising the ratio of total R&D expenditure to GDP from 1.91% in 2012 to 2.44% in 2021; increasing full-time equivalent R&D personnel from 3.71 million man-years in 2014 to 4.8 million man-years in 2020; nurturing a rich talent pool and driving development through innovation; enhancing the overall efficacy of the national innovation systems,,,RMB 2.79 trillion in 2021,"['Total R&D spending of the country has increased from Renminbi (RMB) 1.03 trillion in 2012 to RMB 2.79 trillion in 2021', 'The ratio of total R&D expenditure to Gross Domestic Product (GDP) has risen from 1.91% in 2012 to 2.44% in 2021', 'Full-time equivalent R&D personnel have increased from 3.71 million man-years in 2014 to 4.8 million man-years in 2020', 'nurture a rich talent pool and drive development through innovation', 'enhance the overall efficacy of the national innovation systems']",2,,
,,,,,,,3,Invalid JSON,"[
  {
    ""policy_name"": null,
    ""category"": ""Innovation Talent Development"",
    ""description"": ""the size of the innovation talent pool of our country is the largest in the world"",
    ""implementing_body"": null,
    ""target_sector"": null,
    ""funding_amount"": null,
    ""evidence_spans"": [""the size of the innovation talent pool of our country is the largest in the world""]
  },
  {
    ""policy_name"": null,
    ""category"": ""R&D Investment"",
    ""description"": ""equivalent R&D personnel have increased high-standard technological self-reliance from 3.71 million man-years in 2014 to 4.8 million man-years in 2020"",
    ""implementing_body"": null,
    ""target_sector"": null,
    ""funding_amount"": null,
    ""evidence_spans"": [""equivalent R&D personnel have increased high-standard technological self-reliance from 3.71 million man-years in 2014 to 4.8 million man-years in 2020""]
  },
  {
    ""policy_name"": null,
    ""category"": ""National Strategic Scientific Capabilities"",
    ""description"": ""sp"
,Innovation Talent Development,"Hong Kong’s internationalisation of I&T talent is world-leading, with three local universities ranking top ten among the most international universities in the world, helping Hong Kong pool local and overseas talent and develop into an international I&T collaboration and exchange centre.",,innovation and technology (I&T),,"['The internationalisation of Hong Kong’s I&T talent is world-leading, with three of our local universities ranking top ten among the most international universities in the world14.', 'This, together with the international experiences accumulated and reputation and networks built over the years, will help Hong Kong pool local and overseas talent and develop into an international I&T collaboration and exchange centre.']",4,,
,"['Innovation Talent Development', 'Industrial Modernization and New Industrialization', 'Innovation Ecosystem and Clusters', 'International Competition and Cooperation', 'Science and Technology Governance']",,,innovation and technology (I&T) sector,,"['Hong Kong must look squarely into different factors which may restrict I&T development and proactively address these challenges.', 'Inadequate efforts in attracting and retaining talent: Hong Kong is a small and externally-oriented economy with strong international connectivity and high talent mobility.', 'Hong Kong also lacks mature technology industry clusters.', 'the Government in the past lacked proactive and incentivising policies to attract and retain I&T talent.', 'Insufficient momentum to realise transformation of R&D outcomes: Owing to high land costs in Hong Kong, the business sector traditionally tends to invest in projects which can yield the biggest returns in the shortest time possible such as commercial/residential property developments.', 'the business sector has limited incentives to embark on technology-related ventures, in particular projects which necessitated substantial investments to establish R&D production bases but with a long payback periods.', 'universities with an array of upstream R&D inventions of core technologies, their existing management regimes are not flexible enough in dealing with IP matters and engaging staff for other external industry-based I&T activities.', 'Tight land supply and lengthy process of land development: Land supply in Hong Kong has been tight for years.', 'land designated for I&T purposes was limited in the past.', 'land development involves various statutory and administrative procedures and the process normally takes relatively longer time.', 'International competition become intensified and complicated: While the global competition in technology is intensifying, the complex and volatile international political and economic environment will inevitably affect I&T collaborations and exchanges among countries.']",5,,
Hong Kong Innovation and Technology Development Blueprint,Innovation Ecosystem and Clusters,"To develop Hong Kong into an international I&T centre by enhancing the local I&T ecosystem comprising universities, R&D institutes, enterprises and investors, and promoting a comprehensive I&T ecological chain encompassing upstream, midstream and downstream sectors to stimulate industry development and create a healthy cycle.","Government, universities and R&D institutes",technology industries and traditional manufacturing sector,,"['The Blueprint outlines the four broad development directions', 'To enhance the I&T ecosystem and promote interactive development of the upstream, midstream and downstream sectors', 'To develop Hong Kong into an international I&T centre, continuous enhancement of our local I&T ecosystem is essential.', 'The ecosystem comprises different stakeholders, including universities, R&D institutes, enterprises and investors, etc.', 'To create a vibrant I&T ecosystem and optimise the benefits brought by I&T to the society, Hong Kong needs to develop a comprehensive I&T ecological chain encompassing the upstream, midstream and downstream sectors.', 'Government facilitation measures will serve as a key impetus to drive and accelerate the active “1 to N” transformation of universities’ R&D outcomes.', 'Hong Kong should formulate an industry policy that suits its development needs.', 'It should support the development of technology industries with strategic significance and in which we enjoy clear advantages, so as to drive the robust development of our technology industry as a whole.', 'the Government should assist the traditional manufacturing sector in Hong Kong to upgrade and transform with the use of I&T to achieve smart production.', 'the Government should also promote the development of “new industrialisation”']",6,,
,,,,,,,7,Invalid JSON,"[
  {
    ""policy_name"": null,
    ""category"": ""Industrial Modernization and New Industrialization"",
    ""description"": ""The Government should assist the traditional manufacturing sector in Hong Kong to upgrade and transform with the use of I&T to achieve smart production. With advanced technology as the foundation, the Government should also promote the development of “new industrialisation” to contribute to Hong Kong’s economy."",
    ""implementing_body"": ""the Government"",
    ""target_sector"": ""traditional manufacturing sector"",
    ""funding_amount"": null,
    ""evidence_spans"": [
      ""The Government should assist the traditional manufacturing sector in Hong Kong to upgrade and transform with the use of I&T to achieve smart production."",
      ""With advanced technology as the foundation, the Government should also promote the development of “new industrialisation” to contribute to Hong Kong’s economy.""
    ]
  },
  {
    ""policy_name"": null,
    ""category"": ""Innovation Ecosystem and "
Smart City Blueprint for Hong Kong,Digital Economy and Infrastructure,"to take forward various smart measures in a systematic manner, the Government launched the Smart City Blueprint for Hong Kong (the Blueprint) and the Smart City Blueprint for Hong Kong 2.0 (the Blueprint 2.0) in 2017 and 2020 respectively to co-ordinate efforts across government departments and among public and private sectors",the Government,,,['the Government launched the Smart City Blueprint for Hong Kong (the Blueprint) and the Smart City Blueprint for Hong Kong 2.0 (the Blueprint 2.0) in 2017 and 2020 respectively to co-ordinate efforts across government departments and among public and private sectors'],8,,
